,20,22,24,26,28,30,32,34,36,38,40,42,44,46,48,50,52,54,56,58,60,62,64,66,68,70,72,74,76,78,80,82,84,86,88,90,92,94,96,98,100,102,104,106,108,110,112,114,116,118,120
40,0.17902156026648858,0.16374007201800586,0.15296735873400405,0.1437394260230331,0.1357111773734687,0.12863732500691377,0.12233810860827436,0.11667834619342066,0.11155412463362281,0.10688404219781672,0.10260327276862313,0.10014467165606405,0.09643623726610259,0.09299019563569552,0.08977655654711124,0.08676999308548695,0.08394894031329939,0.08248954974395038,0.07994624889102475,0.07754234070137149,0.07526551729580198,0.07310495992209767,0.07207453782805051,0.07008814016783377,0.06825120902299006,0.0664956198102995,0.06573450029226545,0.06411906206833644,0.06259021765680944,0.06199430408040552,0.06059858664758709,0.05927464053514628,0.058017654519398845,0.05759469312752512,0.056438813989693457,0.05533844625292963,0.055010846568814505,0.05399323621140668,0.0530219420345873,0.05276979570351148,0.05186668922245313,0.05100253684633698,0.050810379067653524,0.05000287810178887,0.04922842663598459,0.04908428176945293,0.048357307542178006,0.04765861190301596,0.04755315519198058,0.04689458288615004,0.0468086388974441
42,0.18021203645696476,0.1649305482084821,0.15415783492448024,0.1449299022135093,0.13690165356394488,0.12982780119738996,0.12352858479875055,0.11786882238389686,0.112744600824099,0.10807451838829289,0.10379374895909932,0.10133514784654023,0.09762671345657878,0.09418067182617171,0.09096703273758742,0.08796046927596315,0.08513941650377557,0.08368002593442658,0.08113672508150094,0.07873281689184768,0.07645599348627817,0.07429543611257386,0.07326501401852671,0.07127856822689736,0.06938432405090665,0.06758247736535429,0.06683761922662573,0.06520207449992448,0.06363203036297513,0.06299630648324489,0.061559874069987044,0.060194611664032845,0.05969099594656212,0.05843557679911356,0.05724014690224726,0.056842794789026416,0.0557380497816167,0.05468366806505919,0.05437141872300653,0.05339217985003192,0.052455422803209875,0.05221144391574594,0.05133729714847728,0.05049922780886048,0.050310223514811195,0.04952469275622943,0.04877003049511715,0.04862553239417836,0.04791528804543861,0.04723165336204718,0.04712339541016319
44,0.18129428753921584,0.16601279929073312,0.15524008600673134,0.1460121532957604,0.13798390464619598,0.13091005227964103,0.1246108358810016,0.11895107346614793,0.11382685190635007,0.10915676947054398,0.1048760000413504,0.10241739892879131,0.09870896453882985,0.0952629229084228,0.0920492838198385,0.08904272035821421,0.08622166758602665,0.08476227701667766,0.08221897616375201,0.07981506797409876,0.07753824456852924,0.07537768719482495,0.0743472651007778,0.07236081930914846,0.07046657513315772,0.06865767260219058,0.06784544730859281,0.06619017347233704,0.06463887005556007,0.06398696836179703,0.06251311679787244,0.061113519825058,0.060576497912234996,0.05928556008371828,0.05805500956776701,0.057624790153697515,0.05648574424726839,0.05539767291588255,0.05505454590193586,0.054043063809072166,0.05307484710925378,0.05280241280629145,0.05189845344014643,0.05103140397355469,0.050816409825120076,0.05000353867018013,0.049222352321913465,0.049054192099392165,0.04831897483355673,0.048174976434366606,0.04748134433385072
46,0.182282429831706,0.16700094158322326,0.15622822829922145,0.14700029558825048,0.1389720469386861,0.13189819457213117,0.12559897817349175,0.11993921575863806,0.1148149941988402,0.11014491176303408,0.10586414233384053,0.10340554122128144,0.09969710683131998,0.09625106520091292,0.09303742611232863,0.09003086265070435,0.08720980987851677,0.08575041930916778,0.08320711845624214,0.08080321026658889,0.07852638686101937,0.07636582948731506,0.07533540739326793,0.07334896160163855,0.07145471742564787,0.0696458148946807,0.06883358960108292,0.06715199328950387,0.06554016995906532,0.06489149676041482,0.06343769410127012,0.06202159441972538,0.06145190057899161,0.060132578032668776,0.05887150110842071,0.05841205660455268,0.05724271041439845,0.05612441667673182,0.055753177058088584,0.05471230429252211,0.05371517820288783,0.053416305374786706,0.05248461558162589,0.051590458470402265,0.051350961661120305,0.0505122935885108,0.05030383848509198,0.04951527871495506,0.048756249008097,0.04859097063182373,0.047874808627035935
48,0.18318822693315526,0.1679067386846725,0.15713402540067073,0.1479060926896998,0.1398778440401354,0.13280399167358042,0.126504775274941,0.12084501286008734,0.11572079130028948,0.11105070886448336,0.1067699394352898,0.1043113383227307,0.10060290393276923,0.0971568623023622,0.09394322321377789,0.09093665975215362,0.08811560697996604,0.08665621641061705,0.08411291555769142,0.08170900736803816,0.07943218396246865,0.07727162658876432,0.07624120449471719,0.07425475870308783,0.07236051452709713,0.07055161199612998,0.0697393867025322,0.06805779039095312,0.06644596706051459,0.0657517450855168,0.06424451514433024,0.06285439516324301,0.06230504060675235,0.060970516736812704,0.0596804573735456,0.05919783383322249,0.058001652877304376,0.05685657161629747,0.05646012309234435,0.05539274596908106,0.054369361973959106,0.05404620473663561,0.05308899505031561,0.05216974192347889,0.05190739688791502,0.051044618711113376,0.050814381449622935,0.05000276295265773,0.049221210145403774,0.04903576362840508,0.04829815600420196
50,0.18402156026648855,0.16874007201800587,0.15796735873400405,0.1487394260230331,0.1407111773734687,0.1336373250069138,0.12733810860827433,0.12167834619342068,0.11655412463362283,0.1118840421978167,0.10760327276862314,0.10514467165606403,0.1014362372661026,0.09799019563569554,0.09477655654711122,0.09176999308548696,0.08894894031329938,0.0874895497439504,0.08494624889102473,0.08254234070137151,0.08026551729580197,0.07810495992209766,0.07707453782805052,0.07508809203642117,0.07319384786043046,0.07138494532946332,0.07057272003586554,0.06889112372428645,0.06727930039384794,0.06658507841885014,0.06507694067181613,0.06362688585777806,0.06304169918805506,0.06173804437087217,0.06046444732953408,0.05996869550127404,0.058749503689087615,0.05758337436123176,0.05716506971245581,0.05607442185114367,0.05502791585742692,0.05468291063190648,0.05370269762870499,0.05276063697030767,0.0524772366996025,0.05159227052920155,0.05134174684943684,0.05050869598580858,0.049706109314905114,0.049501657236589634,0.04874387444562842
52,0.18479079103571933,0.16950930278723667,0.15873658950323483,0.14950865679226386,0.1414804081426995,0.13440655577614455,0.1281073393775051,0.12244757696265143,0.11732335540285357,0.11265327296704745,0.10837250353785391,0.1059139024252948,0.10220546803533336,0.09875942640492627,0.09554578731634202,0.09253922385471772,0.08971817108253013,0.08825878051318115,0.0857154796602555,0.08331157147060225,0.08103474806503276,0.07887419069132844,0.07784376859728129,0.07585732280565194,0.07396307862966124,0.07215417609869408,0.07134195080509628,0.06966035449351722,0.06804853116307868,0.06735430918808093,0.06584617144104692,0.06439611662700886,0.06379612630926505,0.062431990666590866,0.06114924031241882,0.06068242565924582,0.059476106451488785,0.058298625209661684,0.05786249517488934,0.056752225131417915,0.0556861860156391,0.05532123021049924,0.054320705683294813,0.05335823363224278,0.05305565959179702,0.052150502326880614,0.05188132131969045,0.05102853027234781,0.05020646179694969,0.049984274390843665,0.04920763994633447
54,0.18550304174797005,0.17022155349948734,0.15944884021548553,0.15022090750451458,0.1421926588549502,0.13511880648839525,0.12881959008975583,0.12315982767490216,0.1180356061151043,0.11336552367929817,0.10908475425010461,0.10662615313754555,0.10291771874758406,0.09947167711717701,0.09625803802859273,0.09325147456696845,0.09043042179478085,0.08897103122543186,0.08642773037250624,0.084023822182853,0.08174699877728345,0.07958644140357915,0.07855601930953199,0.07656957351790265,0.07467532934191194,0.0728664268109448,0.07205420151734702,0.07037260520576796,0.06876078187532943,0.06806655990033163,0.06655842215329762,0.06510836733925957,0.06450837702151577,0.0631442413788416,0.06182918954300535,0.06130573607240413,0.060111205535591405,0.05895882310346603,0.058532210034766934,0.05741434775683337,0.05633393248807035,0.055953067186917296,0.054935826071048695,0.053954878825020806,0.053635322903750914,0.052712266771564535,0.05242612395197974,0.05155546599350802,0.050715652408448914,0.05047710569875867,0.04968310719104551
56,0.1861644174093457,0.17088292916086303,0.1601102158768612,0.15088228316589022,0.14285403451632586,0.13578018214977092,0.12948096575113147,0.1238212033362778,0.11869698177647994,0.11402689934067387,0.10974612991148028,0.10728752879892117,0.10357909440895974,0.10013305277855265,0.09691941368996838,0.09391285022834409,0.09109179745615652,0.08963240688680751,0.08708910603388187,0.08468519784422862,0.08240837443865913,0.0802478170649548,0.07921739497090766,0.07723094917927831,0.0753367050032876,0.07352780247232048,0.07271557717872268,0.07103398086714362,0.06942215753670508,0.0687279355617073,0.06721979781467327,0.0657697430006352,0.06516975268289142,0.06380561704021726,0.06249056520438101,0.0619671117337798,0.060724299663031646,0.05952769946991801,0.05912585233656046,0.05802921588733782,0.056953327263202354,0.05656745862279566,0.05553969983638634,0.05454613080703968,0.05421109269018005,0.05327307787462338,0.05297143810812695,0.052085145728248315,0.051229368475069516,0.05097588906397101,0.0501661142436898
58,0.18678018095614377,0.17149869270766108,0.16072597942365924,0.15149804671268827,0.14346979806312385,0.13639594569656896,0.1300967292979295,0.12443696688307584,0.11931274532327799,0.11464266288747187,0.1103618934582783,0.10790329234571922,0.10419485795575775,0.10074881632535068,0.09753517723676641,0.09452861377514213,0.09170756100295456,0.09024817043360556,0.0877048695806799,0.08530096139102666,0.08302413798545714,0.08086358061175283,0.07983315851770569,0.07784671272607636,0.07595246855008563,0.07414356601911849,0.07333134072552071,0.07164974441394163,0.0700379210835031,0.0693436991085053,0.06783556136147131,0.06638550654743323,0.06578551622968945,0.06442138058701528,0.06310632875117904,0.06258287528057783,0.06134006320982969,0.06013926080786686,0.0596788756831906,0.058559801247861344,0.05751033855466431,0.05714264184720428,0.056116274899851305,0.05511711675700155,0.05477656718753428,0.053827019489178486,0.05351261499879884,0.05261329748669191,0.05174267326555489,0.051476163317914735,0.05065223249094588
60,0.1873548935998219,0.17207340535133922,0.16130069206733738,0.1520727593563664,0.14404451070680205,0.13697065834024713,0.13067144194160768,0.125011679526754,0.11988745796695613,0.11521737553115004,0.11093660610195648,0.10847800498939739,0.10476957059943592,0.10132352896902884,0.09810988988044457,0.09510332641882029,0.09228227364663272,0.0908228830772837,0.08827958222435807,0.08587567403470484,0.08359885062913532,0.08143829325543099,0.08040787116138386,0.0784214253697545,0.0765271811937638,0.07471827866279665,0.07390605336919887,0.07222445705761978,0.07061263372718127,0.06991841175218348,0.06841027400514947,0.06696021919111142,0.06636022887336761,0.06499609323069341,0.06368104139485721,0.06315758792425598,0.061914775853507846,0.06071397345154499,0.06025358832686876,0.05911428226317756,0.05801132494116989,0.05763911450672353,0.05663616512774811,0.055649729788661,0.05530853801413874,0.054356100158538645,0.054037559334229365,0.053129379656505445,0.05224915707379797,0.05197016029969961,0.05113541714744639
62,0.18789252800842407,0.17261103975994138,0.16183832647593954,0.1526103937649686,0.14458214511540418,0.13750829274884924,0.1312090763502098,0.12554931393535615,0.1204250923755583,0.11575500993975218,0.11147424051055863,0.10901563939799952,0.10530720500803807,0.10186116337763101,0.09864752428904672,0.09564096082742245,0.09281990805523486,0.09136051748588588,0.08881721663296023,0.08641330844330697,0.08413648503773746,0.08197592766403315,0.080945505569986,0.07895905977835667,0.07706481560236593,0.0752559130713988,0.07444368777780103,0.07276209146622194,0.07115026813578343,0.07045604616078563,0.06894790841375163,0.06749785359971355,0.06689786328196975,0.0655337276392956,0.06421867580345936,0.06369522233285814,0.06245241026210999,0.06125160786014716,0.06079122273547091,0.05965191667177971,0.058548959349772056,0.058141193661654184,0.0570913438986639,0.056761051710573024,0.055802697034626904,0.05485915733501939,0.054539611236470095,0.053627470801220156,0.052743011190644624,0.05245896835346683,0.05161405977233068
64,0.18839656026648857,0.17311507201800588,0.16234235873400407,0.15311442602303313,0.1450861773734687,0.13801232500691377,0.13171310860827434,0.12605334619342068,0.12092912463362282,0.11625904219781669,0.11197827276862314,0.10951967165606405,0.10581123726610257,0.10236519563569552,0.09915155654711122,0.09614499308548695,0.09332394031329938,0.09186454974395038,0.08932124889102473,0.08691734070137148,0.08464051729580199,0.08247995992209768,0.08144953782805052,0.07946309203642116,0.07756884786043045,0.07575994532946331,0.07494772003586554,0.07326612372428644,0.07165430039384793,0.07096007841885016,0.06945194067181616,0.06800188585777808,0.06740189554003427,0.0660377598973601,0.06472270806152387,0.06419925459092264,0.0629564425201745,0.061755640118211656,0.06129525499353542,0.06015594892984422,0.05905299160783658,0.058645225919718706,0.05759518263459836,0.05721513611349474,0.05622272032551744,0.05530023433251955,0.054998170804118875,0.05409124379116431,0.05320464059336642,0.05291861768266613,0.05207063197784048
66,0.18887004511497343,0.17358855686649075,0.1628158435824889,0.15358791087151796,0.14555966222195352,0.1384858098553986,0.13218659345675918,0.1265268310419055,0.12140260948210768,0.11673252704630155,0.11245175761710799,0.10999315650454888,0.10628472211458742,0.10283868048418036,0.09962504139559608,0.09661847793397178,0.09379742516178421,0.09233803459243524,0.0897947337395096,0.08739082554985633,0.08511400214428683,0.08295344477058252,0.08192302267653537,0.07993657688490603,0.0780423327089153,0.07623343017794816,0.07542120488435039,0.0737396085727713,0.07212778524233279,0.07143356326733499,0.069925425520301,0.06847537070626292,0.06787538038851913,0.06651124474584497,0.06519619291000871,0.0646727394394075,0.06342992736865936,0.062229124966696525,0.061768739842020276,0.06062943377832907,0.05952647645632142,0.059118710768203554,0.05806866748308321,0.05768862096197959,0.05668698557630271,0.055714647202053644,0.05539871918320665,0.05451545255831569,0.05364483223618053,0.05336231489247891,0.052512340861368884
68,0.1893156779135474,0.1740341896650647,0.1632614763810629,0.15403354367009192,0.14600529502052753,0.1389314426539726,0.1326322262553332,0.12697246384047947,0.12184824228068165,0.11717815984487552,0.11289739041568196,0.11043878930312287,0.10673035491316141,0.10328431328275435,0.10007067419417005,0.09706411073254577,0.09424305796035821,0.09278366739100923,0.09024036653808358,0.08783645834843032,0.08555963494286081,0.0833990775691565,0.08236865547510934,0.08038220968347998,0.0784879655074893,0.07667906297652213,0.07586683768292435,0.07418524137134527,0.07257341804090675,0.07187919606590897,0.07037105831887497,0.06892100350483692,0.0683210131870931,0.06695687754441892,0.0656418257085827,0.06511837223798148,0.06387556016723334,0.06267475776527047,0.06221437264059424,0.06107506657690304,0.05997210925489539,0.05956434356677754,0.05851430028165719,0.05813425376055356,0.05713261837487668,0.05616028000062762,0.05582036250331797,0.054890299314141126,0.05460838245651697,0.053757667179239035,0.05291829047414865
70,0.18973584598077428,0.1744543577322916,0.16368164444828978,0.1544537117373188,0.14642546308775442,0.1393516107211995,0.13305239432256008,0.12739263190770636,0.12226841034790852,0.11759832791210242,0.11331755848290885,0.11085895737034976,0.10715052298038831,0.10370448134998124,0.10049084226139694,0.09748427879977266,0.0946632260275851,0.09320383545823611,0.09066053460531047,0.08825662641565722,0.08597980301008772,0.08381924563638339,0.08278882354233623,0.0808023777507069,0.07890813357471618,0.07709923104374902,0.07628700575015125,0.07460540943857216,0.07299358610813364,0.07229936413313585,0.07079122638610186,0.06934117157206379,0.06874118125432,0.06737704561164581,0.06606199377580958,0.06553854030520836,0.06429572823446023,0.06309492583249736,0.06263454070782114,0.06149523464412994,0.06039227732212228,0.05998451163400443,0.05893446834888408,0.058554421827780465,0.057552786442103564,0.05658044806785451,0.056240530570544865,0.055310467381368016,0.054991822154609356,0.054102466789380924,0.05328174518801937
72,0.19013267137759968,0.174851183129117,0.16407846984511518,0.1548505371341442,0.14682228848457982,0.13974843611802487,0.13344921971938548,0.12778945730453176,0.12266523574473395,0.11799515330892782,0.11371438387973425,0.11125578276717515,0.10754734837721369,0.10410130674680665,0.10088766765822234,0.09788110419659804,0.0950600514244105,0.09360066085506151,0.09105736000213584,0.0886534518124826,0.08637662840691308,0.08421607103320879,0.08318564893916164,0.08119920314753229,0.07930495897154156,0.07749605644057443,0.07668383114697666,0.07500223483539757,0.07339041150495904,0.07269618952996126,0.07118805178292724,0.06973799696888916,0.06913800665114539,0.06777387100847124,0.06645881917263498,0.06593536570203377,0.06469255363128562,0.0634917512293228,0.06303136610464653,0.06189206004095534,0.06078910271894768,0.06038133703082982,0.059331293745709474,0.05895124722460587,0.05794961183892897,0.05697727346467991,0.056637355967370254,0.05570729277819341,0.05538864755143475,0.054497599883671616,0.05363066389983519
74,0.1905080467529751,0.17522655850449237,0.16445384522049056,0.1552259125095196,0.1471976638599552,0.14012381149340028,0.13382459509476083,0.12816483267990716,0.1230406111201093,0.11837052868430319,0.11408975925510961,0.11163115814255055,0.10792272375258906,0.10447668212218202,0.10126304303359773,0.09825647957197345,0.09543542679978585,0.09397603623043686,0.09143273537751126,0.089028827187858,0.08675200378228845,0.08459144640858415,0.083561024314537,0.08157457852290766,0.07968033434691695,0.0778714318159498,0.07705920652235203,0.07537761021077297,0.07376578688033443,0.07307156490533663,0.07156342715830262,0.07011337234426457,0.06951338202652077,0.0681492463838466,0.06683419454801034,0.06631074107740913,0.06506792900666099,0.06386712660469816,0.06340674148002191,0.062267435416330716,0.06116447809432306,0.06075671240620519,0.059706669121084854,0.059326622599981234,0.058324987214304354,0.057352648840055295,0.05701273134274562,0.0560826681535688,0.055764022926810125,0.05487297525904698,0.05400603927521057
76,0.19086366552964645,0.1755821772811638,0.16480946399716195,0.15558153128619098,0.1475532826366266,0.14047943027007165,0.13418021387143222,0.12852045145657856,0.1233962298967807,0.1187261474609746,0.11444537803178104,0.11198677691922193,0.10827834252926048,0.1048323008988534,0.10161866181026913,0.09861209834864483,0.09579104557645726,0.09433165500710827,0.09178835415418263,0.08938444596452938,0.08710762255895986,0.08494706518525556,0.08391664309120841,0.08193019729957908,0.08003595312358834,0.07822705059262122,0.07741482529902344,0.07573322898744436,0.07412140565700581,0.07342718368200804,0.07191904593497403,0.07046899112093596,0.06986900080319218,0.068504865160518,0.06718981332468177,0.06666635985408055,0.0654235477833324,0.06422274538136957,0.06376236025669332,0.06262305419300213,0.061520096870994474,0.06111233118287661,0.06006228789775625,0.059682241376652644,0.05868060599097576,0.0577082676167267,0.05736835011941703,0.056438286930240195,0.056119641703481535,0.055228594035718406,0.05436165805188197
78,0.19120104744597574,0.17591955919749305,0.16514684591349124,0.15591891320252027,0.14789066455295588,0.14081681218640096,0.13451759578776154,0.12885783337290782,0.12373361181311,0.11906352937730387,0.11478275994811032,0.11232415883555122,0.10861572444558978,0.1051696828151827,0.1019560437265984,0.09894948026497413,0.09612842749278656,0.09466903692343757,0.09212573607051193,0.08972182788085868,0.08744500447528918,0.08528444710158485,0.08425402500753769,0.08226757921590835,0.08037333503991764,0.07856443250895048,0.07775220721535271,0.07607061090377362,0.07445878757333511,0.07376456559833734,0.07225642785130332,0.07080637303726525,0.07020638271952145,0.06884224707684727,0.06752719524101106,0.06700374177040982,0.06576092969966169,0.06456012729769885,0.06409974217302261,0.06296043610933141,0.06185747878732374,0.06144971309920589,0.06039966981408554,0.06001962329298193,0.05901798790730504,0.05804564953305598,0.057705732035746325,0.05677566884656948,0.05645702361981083,0.05556597595204769,0.05469903996821126
80,0.1915215602664886,0.17624007201800587,0.16546735873400406,0.15623942602303312,0.14821117737346873,0.14113732500691378,0.13483810860827436,0.12917834619342067,0.12405412463362282,0.11938404219781669,0.11510327276862314,0.11264467165606404,0.10893623726610259,0.10549019563569552,0.10227655654711124,0.09926999308548697,0.09644894031329938,0.0949895497439504,0.09244624889102473,0.0900423407013715,0.08776551729580197,0.08560495992209767,0.08457453782805051,0.08258809203642119,0.08069384786043048,0.0788849453294633,0.07807272003586552,0.07639112372428644,0.07477930039384793,0.07408507841885013,0.07257694067181615,0.07112688585777809,0.07052689554003429,0.06916275989736011,0.06784770806152386,0.06732425459092264,0.0660814425201745,0.06488064011821167,0.06442025499353543,0.06328094892984422,0.06217799160783657,0.06177022591971871,0.06072018263459836,0.060340136113494744,0.05933850072781786,0.058366162353568805,0.05802624485625914,0.057096181667082295,0.05677753644032365,0.0558864887725605,0.05501955278872408
82,0.19182643831526905,0.17654495006678636,0.16577223678278455,0.1565443040718136,0.14851605542224916,0.14144220305569427,0.13514298665705482,0.12948322424220116,0.1243590026824033,0.11968892024659719,0.11540815081740363,0.11294954970484453,0.10924111531488306,0.10579507368447601,0.10258143459589172,0.09957487113426744,0.09675381836207984,0.09529442779273085,0.09275112693980522,0.09034721875015198,0.08807039534458247,0.08590983797087816,0.08487941587683101,0.08289297008520166,0.08099872590921094,0.0791898233782438,0.07837759808464603,0.07669600177306694,0.07508417844262844,0.07438995646763064,0.07288181872059663,0.07143176390655855,0.07083177358881475,0.0694676379461406,0.06815258611030435,0.06762913263970315,0.06638632056895499,0.06518551816699215,0.06472513304231592,0.06358582697862472,0.062482869656617056,0.06207510396849919,0.06102506068337885,0.06064501416227523,0.05964337877659836,0.058671040402349287,0.05833112290503963,0.0574010597158628,0.05708241448910413,0.056191366821340995,0.055324430837504567
84,0.19211679836172665,0.17683531011324397,0.16606259682924215,0.15683466411827118,0.1488064154687068,0.14173256310215188,0.13543334670351245,0.12977358428865876,0.12464936272886092,0.1199792802930548,0.11569851086386124,0.11323990975130215,0.1095314753613407,0.10608543373093361,0.10287179464234933,0.09986523118072504,0.09704417840853748,0.09558478783918849,0.09304148698626284,0.0906375787966096,0.08836075539104009,0.08620019801733576,0.0851697759232886,0.08318333013165927,0.08128908595566856,0.0794801834247014,0.07866795813110362,0.07698636181952453,0.07537453848908603,0.07468031651408825,0.07317217876705423,0.07172212395301618,0.07112213363527237,0.06975799799259819,0.06844294615676197,0.06791949268616074,0.0666766806154126,0.06547587821344976,0.06501549308877352,0.06387618702508233,0.06277322970307467,0.0623654640149568,0.06131542072983645,0.060935374208732844,0.05993373882305595,0.0589614004488069,0.05862148295149724,0.0576914197623204,0.05737277453556174,0.0564817268677986,0.05561479088396217
86,0.19239365328974437,0.17711216504126168,0.16633945175725987,0.15711151904628892,0.1490832703967245,0.14200941803016962,0.13571020163153016,0.13005043921667647,0.12492621765687864,0.12025613522107252,0.11597536579187895,0.11351676467931984,0.1098083302893584,0.10636228865895134,0.10314864957036703,0.10014208610874274,0.0973210333365552,0.0958616427672062,0.09331834191428057,0.09091443372462729,0.0886376103190578,0.08647705294535347,0.08544663085130633,0.08346018505967698,0.08156594088368628,0.07975703835271913,0.07894481305912135,0.07726321674754225,0.07565139341710375,0.07495717144210595,0.07344903369507196,0.0719989788810339,0.07139898856329009,0.07003485292061591,0.0687198010847797,0.06819634761417846,0.06695353554343031,0.06575273314146748,0.06529234801679125,0.06415304195310004,0.06305008463109238,0.06264231894297453,0.06159227565785417,0.061212229136750555,0.06021059375107367,0.0592382553768246,0.058898337879514956,0.05796827469033812,0.05764962946357945,0.05675858179581632,0.05589164581197989
88,0.1926579239028522,0.1773764356543695,0.1666037223703677,0.15737578965939672,0.14934754100983236,0.1422736886432774,0.13597447224463796,0.1303147098297843,0.12519048826998647,0.12052040583418035,0.11623963640498677,0.11378103529242765,0.11007260090246622,0.10662655927205915,0.10341292018347488,0.1004063567218506,0.09758530394966301,0.09612591338031402,0.09358261252738836,0.0911787043377351,0.0889018809321656,0.08674132355846131,0.08571090146441415,0.0837244556727848,0.08183021149679409,0.08002130896582697,0.07920908367222915,0.0775274873606501,0.07591566403021156,0.07522144205521378,0.07371330430817978,0.0722632494941417,0.0716632591763979,0.07029912353372375,0.06898407169788749,0.06846061822728629,0.06721780615653813,0.06601700375457532,0.06555661862989906,0.06441731256620786,0.0633143552442002,0.06290658955608235,0.061856546270962,0.06147649974985839,0.0604748643641815,0.059502525989932435,0.059162608492622774,0.05823254530344594,0.05791390007668727,0.05702285240892414,0.056155916425087715
90,0.19291044915537744,0.17762896090689476,0.16685624762289294,0.15762831491192197,0.14960006626235758,0.14252621389580267,0.13622699749716324,0.13056723508230955,0.1254430135225117,0.12077293108670559,0.11649216165751203,0.11403356054495292,0.11032512615499149,0.1068790845245844,0.10366544543600012,0.10065888197437584,0.09783782920218827,0.09637843863283928,0.09383513777991363,0.09143122959026038,0.08915440618469088,0.08699384881098657,0.08596342671693939,0.08397698092531006,0.08208273674931935,0.0802738342183522,0.07946160892475441,0.07778001261317534,0.07616818928273682,0.07547396730773905,0.07396582956070502,0.07251577474666698,0.07191578442892316,0.07055164878624898,0.06923659695041276,0.06871314347981153,0.0674703314090634,0.06626952900710055,0.06580914388242431,0.06466983781873312,0.06356688049672546,0.0631591148086076,0.06210907152348725,0.061729025002383635,0.060727389616706755,0.05975505124245769,0.059415133745148035,0.05848507055597119,0.05816642532921253,0.05727537766144939,0.05640844167761297
92,0.19315199504909725,0.1778705068006146,0.16709779351661275,0.1578698608056418,0.14984161215607741,0.14276775978952247,0.13646854339088302,0.13080878097602938,0.12568455941623152,0.12101447698042539,0.11673370755123184,0.11427510643867272,0.11056667204871129,0.10712063041830422,0.10390699132971995,0.10090042786809565,0.09807937509590807,0.09661998452655908,0.09407668367363342,0.09167277548398019,0.08939595207841065,0.08723539470470636,0.08620497261065921,0.08421852681902987,0.08232428264303916,0.080515380112072,0.0797031548184742,0.07802155850689514,0.07640973517645662,0.07571551320145882,0.07420737545442484,0.07275732064038676,0.07215733032264299,0.07079319467996881,0.06947814284413255,0.06895468937353136,0.0677118773027832,0.06651107490082038,0.06605068977614413,0.06491138371245293,0.06380842639044527,0.06340066070232742,0.062350617417207065,0.061970570896103444,0.06096893551042655,0.05999659713617749,0.05965667963886784,0.058726616449690995,0.058407971222932335,0.05751692355516921,0.056649987571332786
94,0.19338326239414816,0.17810177414566544,0.16732906086166363,0.15810112815069266,0.15007287950112827,0.14299902713457335,0.13669981073593393,0.13104004832108024,0.1259158267612824,0.12124574432547626,0.11696497489628271,0.1145063737837236,0.11079793939376216,0.10735189776335509,0.10413825867477079,0.10113169521314654,0.09831064244095893,0.09685125187160996,0.09430795101868432,0.09190404282903107,0.08962721942346157,0.08746666204975725,0.08643623995571009,0.08444979416408074,0.08255554998809006,0.08074664745712289,0.07993442216352509,0.07825282585194601,0.0766410025215075,0.07594678054650972,0.07443864279947571,0.07298858798543766,0.07238859766769384,0.07102446202501966,0.06970941018918346,0.06918595671858223,0.06794314464783408,0.06674234224587125,0.066281957121195,0.06514265105750379,0.06403969373549614,0.06363192804737829,0.06258188476225793,0.06220183824115431,0.061200202855477434,0.060227864481228376,0.05988794698391873,0.058957883794741886,0.05863923856798321,0.05774819090022008,0.056881254916383656
96,0.19360489359982191,0.1783234053513392,0.1675506920673374,0.15832275935636642,0.15029451070680203,0.14322065834024714,0.13692144194160769,0.131261679526754,0.12613745796695616,0.12146737553115,0.11718660610195647,0.11472800498939736,0.11101957059943593,0.10757352896902884,0.10435988988044456,0.10135332641882028,0.0985322736466327,0.09707288307728372,0.09452958222435806,0.09212567403470481,0.0898488506291353,0.08768829325543101,0.08665787116138385,0.0846714253697545,0.0827771811937638,0.08096827866279666,0.08015605336919886,0.0784744570576198,0.07686263372718126,0.07616841175218347,0.07466027400514948,0.0732102191911114,0.0726102288733676,0.07124609323069345,0.06993104139485719,0.069407587924256,0.06816477585350784,0.06696397345154503,0.06650358832686877,0.06536428226317756,0.06426132494116991,0.06385355925305204,0.0628035159679317,0.0624234694468281,0.06142183406115119,0.06044949568690213,0.060109578189592484,0.059179515000415635,0.05886086977365698,0.05796982210589384,0.05710288612205741
98,0.1938174786338355,0.1785359903853528,0.167763277101351,0.15853534439038003,0.15050709574081564,0.1434332433742607,0.13713402697562127,0.1314742645607676,0.12635004300096975,0.12167996056516364,0.11739919113597008,0.11494059002341098,0.1112321556334495,0.10778611400304246,0.10457247491445817,0.1015659114528339,0.09874485868064631,0.0972854681112973,0.09474216725837166,0.09233825906871843,0.09006143566314889,0.08790087828944461,0.08687045619539745,0.08488401040376811,0.08298976622777739,0.08118086369681027,0.08036863840321246,0.0786870420916334,0.07707521876119487,0.07638099678619707,0.07487285903916308,0.073422804225125,0.07282281390738121,0.07145867826470706,0.07014362642887079,0.0696201729582696,0.06837736088752144,0.06717655848555862,0.06671617336088237,0.06557686729719117,0.06447390997518351,0.06406614428706565,0.0630161010019453,0.06263605448084168,0.061634419095164795,0.06066208072091574,0.06032216322360608,0.05939210003442924,0.05907345480767058,0.05818240713990744,0.05731547115607101
100,0.19402156026648856,0.17874007201800587,0.16796735873400406,0.15873942602303312,0.1507111773734687,0.14363732500691379,0.13733810860827433,0.13167834619342067,0.12655412463362278,0.1218840421978167,0.11760327276862315,0.11514467165606404,0.11143623726610259,0.10799019563569552,0.10477655654711124,0.10176999308548695,0.09894894031329936,0.09748954974395037,0.09494624889102475,0.09254234070137149,0.09026551729580197,0.08810495992209767,0.08707453782805052,0.08508809203642118,0.08319384786043046,0.08138494532946332,0.08057272003586553,0.07889112372428646,0.07727930039384794,0.07658507841885015,0.07507694067181614,0.0736268858577781,0.07302689554003428,0.07166275989736011,0.07034770806152386,0.06982425459092265,0.06858144252017451,0.06738064011821165,0.06692025499353543,0.06578094892984422,0.06467799160783656,0.06427022591971872,0.06322018263459836,0.06284013611349475,0.061838500727817866,0.0608661623535688,0.060526244856259154,0.059596181667082304,0.05927753644032364,0.05838648877256051,0.057519552788724074
